1_C,1_cache_size,1_degree,1_gamma,1_kernel,1_max_iter,1_python_LMNN_convergence_tol,1_python_LMNN_k,1_python_LMNN_learn_rate,1_python_LMNN_max_iter,1_python_LMNN_min_iter,1_python_LMNN_regularization,1_shrinking,1_tol,2_C,2_cache_size,2_degree,2_gamma,2_kernel,2_max_iter,2_shrinking,2_tol,accuracy,mean_fit_time,mean_score_time,mean_test_score,mean_train_score,network_extra_noise,network_p,network_sample_size,network_shared_dim,network_shared_var,network_source1_dim,network_source1_var,network_source2_dim,network_source2_var,network_test_size,param_C,param_gamma,params,python_LMNN_convergence_tol,python_LMNN_k,python_LMNN_learn_rate,python_LMNN_max_iter,python_LMNN_min_iter,python_LMNN_regularization,rank_test_score,split0_test_score,split0_train_score,split1_test_score,split1_train_score,split2_test_score,split2_train_score,std_fit_time,std_score_time,std_test_score,std_train_score
1.0,200,3,auto,rbf,-1,,,,,,,True,0.001,,,,,,,,,0.977666666667,,,,,1,0.5,10000,1,0.1,1,0.2,1,15,0.3,,,,,,,,,,,,,,,,,,,,
1.0,200,3,auto,rbf,-1,,,,,,,True,0.001,,,,,,,,,,0.161389509837,0.054085334142,0.967,0.967571418036,1,0.5,10000,1,0.1,1,0.2,1,15,0.3,0.1,0.01,"{'gamma': 0.01, 'C': 0.1}",,,,,,,2,0.968294772922,0.967423917703,0.96442348907,0.968716520249,0.968281183026,0.966573816156,0.0294239248058,0.0116922577598,0.0018216816029,0.000880951178475
1.0,200,3,auto,rbf,-1,,,,,,,True,0.001,,,,,,,,,,0.126550118128,0.0252605279287,0.98,0.981642790624,1,0.5,10000,1,0.1,1,0.2,1,15,0.3,10,0.01,"{'gamma': 0.01, 'C': 10}",,,,,,,1,0.978149100257,0.980711530219,0.98114016288,0.982429826441,0.980711530219,0.981787015213,0.00559901790932,0.000412917592275,0.00132070653787,0.000708865772903
,,,,,,0.001,3,1e-07,1000,50,0.5,,,1.0,200,3,auto,rbf,-1,True,0.001,0.977,,,,,1,0.5,10000,1,0.1,1,0.2,1,15,0.3,,,,,,,,,,,,,,,,,,,,
,,,,,,0.001,3,1e-07,1000,50,0.5,,,1.0,200,3,auto,rbf,-1,True,0.001,,0.112169265747,0.0403157075246,0.968285714286,0.968857162949,1,0.5,10000,1,0.1,1,0.2,1,15,0.3,0.1,0.01,"{'gamma': 0.01, 'C': 0.1}",,,,,,,2,0.968294772922,0.96913844835,0.964852121732,0.969787872295,0.971710244321,0.967645168202,0.000528508009296,0.000509623057495,0.00279962415949,0.000897082796106
,,,,,,0.001,3,1e-07,1000,50,0.5,,,1.0,200,3,auto,rbf,-1,True,0.001,,0.0769787629445,0.0222994486491,0.978714285714,0.979857173266,1,0.5,10000,1,0.1,1,0.2,1,15,0.3,10,0.01,"{'gamma': 0.01, 'C': 10}",,,,,,,1,0.977292202228,0.980282897557,0.97856836691,0.979430040711,0.980282897557,0.97985858153,0.00101488891184,0.000841325540216,0.00122534078394,0.000348178773141
,,,,,,0.001,3,1e-07,1000,50,0.5,,,1.0,200,3,auto,rbf,-1,True,0.001,0.505333333333,,,,,1,0.5,10000,1,0.1,1,0.2,1,15,0.3,,,,0.001,3,1e-07,1000,50,0.5,,,,,,,,,,,
,,,,,,0.001,3,1e-07,1000,50,0.5,,,1.0,200,3,auto,rbf,-1,True,0.001,,0.18883339564,0.0691669782003,0.990714285714,0.992499938695,1,0.5,10000,1,0.1,1,0.2,1,15,0.3,0.1,0.01,"{'gamma': 0.01, 'C': 0.1}",0.001,3,1e-07,1000,50,0.5,1,0.991859468723,0.991641663095,0.989712816117,0.993143346904,0.99057008144,0.992714806085,0.00185273060903,0.000572605599624,0.000882309243221,0.000631606186525
,,,,,,0.001,3,1e-07,1000,50,0.5,,,1.0,200,3,auto,rbf,-1,True,0.001,,0.0840985774994,0.0216313203176,0.989857142857,0.995999994857,1,0.5,10000,1,0.1,1,0.2,1,15,0.3,10,0.01,"{'gamma': 0.01, 'C': 10}",0.001,3,1e-07,1000,50,0.5,2,0.991859468723,0.995927989713,0.989284183455,0.995714591815,0.988426918131,0.996357403043,0.00146506408176,0.00112188640922,0.00145875980619,0.000267320187795
1.0,200,3,auto,rbf,-1,,,,,,,True,0.001,,,,,,,,,0.971333333333,,,,,1,0.5,10000,1,0.1,1,0.2,3,15,0.3,,,,,,,,,,,,,,,,,,,,
1.0,200,3,auto,rbf,-1,,,,,,,True,0.001,,,,,,,,,,0.283532540003,0.0840372244517,0.964571428571,0.96599979456,1,0.5,10000,1,0.1,1,0.2,3,15,0.3,0.1,0.01,"{'gamma': 0.01, 'C': 0.1}",,,,,,,2,0.967009425878,0.964852121732,0.964438731791,0.965709387055,0.962264150943,0.967437874893,0.00790452671022,0.000947702272479,0.00193938397505,0.00107541689335
1.0,200,3,auto,rbf,-1,,,,,,,True,0.001,,,,,,,,,,0.260050614675,0.0511213938395,0.965142857143,0.976142539888,1,0.5,10000,1,0.1,1,0.2,3,15,0.3,10,0.01,"{'gamma': 0.01, 'C': 10}",,,,,,,1,0.965724078835,0.974710672953,0.967437874893,0.975353621946,0.962264150943,0.978363324764,0.0163650272219,0.00146670756791,0.00215164592179,0.00159211807613
,,,,,,0.001,3,1e-07,1000,50,0.5,,,1.0,200,3,auto,rbf,-1,True,0.001,0.971333333333,,,,,1,0.5,10000,1,0.1,1,0.2,3,15,0.3,,,,,,,,,,,,,,,,,,,,
,,,,,,0.001,3,1e-07,1000,50,0.5,,,1.0,200,3,auto,rbf,-1,True,0.001,,0.143248081207,0.0536369482676,0.965,0.964928457768,1,0.5,10000,1,0.1,1,0.2,3,15,0.3,0.1,0.01,"{'gamma': 0.01, 'C': 0.1}",,,,,,,2,0.967009425878,0.965066438063,0.965724078835,0.963994856408,0.962264150943,0.965724078835,0.00437204515822,0.00211166022623,0.00200366156185,0.00071266236574
,,,,,,0.001,3,1e-07,1000,50,0.5,,,1.0,200,3,auto,rbf,-1,True,0.001,,0.102113962173,0.0292869408925,0.967857142857,0.96971421306,1,0.5,10000,1,0.1,1,0.2,3,15,0.3,10,0.01,"{'gamma': 0.01, 'C': 10}",,,,,,,1,0.971722365039,0.968924132019,0.968294772922,0.969995713673,0.963550600343,0.970222793488,0.00382941880838,0.00142428322239,0.00335019881975,0.00056631107418
,,,,,,0.001,3,1e-07,1000,50,0.5,,,1.0,200,3,auto,rbf,-1,True,0.001,0.505666666667,,,,,1,0.5,10000,1,0.1,1,0.2,3,15,0.3,,,,0.001,3,1e-07,1000,50,0.5,,,,,,,,,,,
,,,,,,0.001,3,1e-07,1000,50,0.5,,,1.0,200,3,auto,rbf,-1,True,0.001,,0.244879404704,0.0961957772573,0.990428571429,0.990999969025,1,0.5,10000,1,0.1,1,0.2,3,15,0.3,0.1,0.01,"{'gamma': 0.01, 'C': 0.1}",0.001,3,1e-07,1000,50,0.5,1,0.990145672665,0.990998714102,0.991431019709,0.990784397771,0.989708404803,0.991216795201,0.0049784550506,0.00743307579164,0.00073111509563,0.000176527742008
,,,,,,0.001,3,1e-07,1000,50,0.5,,,1.0,200,3,auto,rbf,-1,True,0.001,,0.0904795328776,0.0246171951294,0.989571428571,0.996428428446,1,0.5,10000,1,0.1,1,0.2,3,15,0.3,10,0.01,"{'gamma': 0.01, 'C': 10}",0.001,3,1e-07,1000,50,0.5,2,0.988003427592,0.996785255036,0.99057412168,0.995070724389,0.990137221269,0.997429305913,0.00250375533413,0.000352088035492,0.00112323175269,0.000995396273624
1.0,200,3,auto,rbf,-1,,,,,,,True,0.001,,,,,,,,,0.966333333333,,,,,3,0.5,10000,1,0.1,1,0.2,1,15,0.3,,,,,,,,,,,,,,,,,,,,
1.0,200,3,auto,rbf,-1,,,,,,,True,0.001,,,,,,,,,,0.575436671575,0.189259767532,0.961857142857,0.968857086413,3,0.5,10000,1,0.1,1,0.2,1,15,0.3,0.1,0.01,"{'gamma': 0.01, 'C': 0.1}",,,,,,,1,0.964867180805,0.968066866695,0.955850835834,0.970430683523,0.964852121732,0.968073709021,0.0156577189154,0.00400163780645,0.00424664983823,0.00111270469343
1.0,200,3,auto,rbf,-1,,,,,,,True,0.001,,,,,,,,,,0.440621376038,0.105778535207,0.95,0.993571489735,3,0.5,10000,1,0.1,1,0.2,1,15,0.3,10,0.01,"{'gamma': 0.01, 'C': 10}",,,,,,,2,0.946872322194,0.994427775396,0.947706815259,0.993571887722,0.955422203172,0.992714806085,0.00852400178037,0.00054675163875,0.00384877450761,0.000699316849541
,,,,,,0.001,3,1e-07,1000,50,0.5,,,1.0,200,3,auto,rbf,-1,True,0.001,0.975333333333,,,,,3,0.5,10000,1,0.1,1,0.2,1,15,0.3,,,,,,,,,,,,,,,,,,,,
,,,,,,0.001,3,1e-07,1000,50,0.5,,,1.0,200,3,auto,rbf,-1,True,0.001,,0.561626036962,0.184960126877,0.898428571429,0.899785800004,3,0.5,10000,1,0.1,1,0.2,1,15,0.3,0.1,0.01,"{'gamma': 0.01, 'C': 0.1}",,,,,,,2,0.891602399314,0.900985855122,0.897985426489,0.902292693379,0.905700814402,0.896078851511,0.00440694422932,0.00148714266064,0.00576438060354,0.00267495257361
,,,,,,0.001,3,1e-07,1000,50,0.5,,,1.0,200,3,auto,rbf,-1,True,0.001,,0.163574298223,0.0486539999644,0.968,0.969571504797,3,0.5,10000,1,0.1,1,0.2,1,15,0.3,10,0.01,"{'gamma': 0.01, 'C': 10}",,,,,,,1,0.966580976864,0.970638662666,0.961423060437,0.97107349475,0.975996570939,0.967002356975,0.00400671711404,0.00153497973731,0.00603324590097,0.00182531460955
,,,,,,0.001,3,1e-07,1000,50,0.5,,,1.0,200,3,auto,rbf,-1,True,0.001,0.496666666667,,,,,3,0.5,10000,1,0.1,1,0.2,1,15,0.3,,,,0.001,3,1e-07,1000,50,0.5,,,,,,,,,,,
,,,,,,0.001,3,1e-07,1000,50,0.5,,,1.0,200,3,auto,rbf,-1,True,0.001,,0.549558639526,0.187975406647,0.949285714286,0.9580000608,3,0.5,10000,1,0.1,1,0.2,1,15,0.3,0.1,0.01,"{'gamma': 0.01, 'C': 0.1}",0.001,3,1e-07,1000,50,0.5,2,0.946872322194,0.958851264466,0.95027861123,0.96250267838,0.950707243892,0.952646239554,0.00200431932694,0.00239606375679,0.00171583670286,0.00406864083305
,,,,,,0.001,3,1e-07,1000,50,0.5,,,1.0,200,3,auto,rbf,-1,True,0.001,,0.14875181516,0.0385579268138,0.982428571429,0.994785704028,3,0.5,10000,1,0.1,1,0.2,1,15,0.3,10,0.01,"{'gamma': 0.01, 'C': 10}",0.001,3,1e-07,1000,50,0.5,1,0.985861182519,0.994642091727,0.977711101586,0.995286050996,0.983711958851,0.994428969359,0.00346140620366,0.00185524303038,0.00344888271269,0.000364340136622
1.0,200,3,auto,rbf,-1,,,,,,,True,0.001,,,,,,,,,0.972666666667,,,,,3,0.5,10000,1,0.1,1,0.2,3,15,0.3,,,,,,,,,,,,,,,,,,,,
1.0,200,3,auto,rbf,-1,,,,,,,True,0.001,,,,,,,,,,0.724078257879,0.245422442754,0.961428571429,0.974214335675,3,0.5,10000,1,0.1,1,0.2,3,15,0.3,0.1,0.01,"{'gamma': 0.01, 'C': 0.1}",,,,,,,1,0.954155955441,0.977282468924,0.971722365039,0.97149592799,0.958404802744,0.973864610111,0.00888647054713,0.00478951340274,0.00748412696255,0.00237525366699
1.0,200,3,auto,rbf,-1,,,,,,,True,0.001,,,,,,,,,,0.615110794703,0.150641202927,0.954285714286,0.997714448863,3,0.5,10000,1,0.1,1,0.2,3,15,0.3,10,0.01,"{'gamma': 0.01, 'C': 10}",,,,,,,2,0.948586118252,0.999142734676,0.96058269066,0.997428204029,0.953687821612,0.996572407883,0.0197272721302,0.001894709283,0.00491647531064,0.00106867426727
,,,,,,0.001,3,1e-07,1000,50,0.5,,,1.0,200,3,auto,rbf,-1,True,0.001,0.975333333333,,,,,3,0.5,10000,1,0.1,1,0.2,3,15,0.3,,,,,,,,,,,,,,,,,,,,
,,,,,,0.001,3,1e-07,1000,50,0.5,,,1.0,200,3,auto,rbf,-1,True,0.001,,0.286745230357,0.0994406541189,0.958857142857,0.959428467747,3,0.5,10000,1,0.1,1,0.2,3,15,0.3,0.1,0.01,"{'gamma': 0.01, 'C': 0.1}",,,,,,,2,0.951585261354,0.962923274754,0.967009425878,0.955207886841,0.957975986278,0.960154241645,0.00551239264705,0.00282415531605,0.00632850876143,0.00319132819521
,,,,,,0.001,3,1e-07,1000,50,0.5,,,1.0,200,3,auto,rbf,-1,True,0.001,,0.123277028402,0.0347692966461,0.967714285714,0.971357121283,3,0.5,10000,1,0.1,1,0.2,3,15,0.3,10,0.01,"{'gamma': 0.01, 'C': 10}",,,,,,,1,0.959297343616,0.974282040291,0.976863753213,0.968281183026,0.966981132075,0.971508140531,0.00752590968021,0.00178077760146,0.00719117598733,0.00245216599353
,,,,,,0.001,3,1e-07,1000,50,0.5,,,1.0,200,3,auto,rbf,-1,True,0.001,0.528,,,,,3,0.5,10000,1,0.1,1,0.2,3,15,0.3,,,,0.001,3,1e-07,1000,50,0.5,,,,,,,,,,,
,,,,,,0.001,3,1e-07,1000,50,0.5,,,1.0,200,3,auto,rbf,-1,True,0.001,,0.557868878047,0.187905391057,0.951714285714,0.961928855548,3,0.5,10000,1,0.1,1,0.2,3,15,0.3,0.1,0.01,"{'gamma': 0.01, 'C': 0.1}",0.001,3,1e-07,1000,50,0.5,2,0.950728363325,0.965066438063,0.955441302485,0.960780111444,0.94897084048,0.959940017138,0.00409358734178,0.00262369985772,0.00273185738719,0.00224495844597
,,,,,,0.001,3,1e-07,1000,50,0.5,,,1.0,200,3,auto,rbf,-1,True,0.001,,0.153384606043,0.0416212876638,0.980142857143,0.995500061032,3,0.5,10000,1,0.1,1,0.2,3,15,0.3,10,0.01,"{'gamma': 0.01, 'C': 10}",0.001,3,1e-07,1000,50,0.5,1,0.976006855184,0.996570938706,0.982005141388,0.994856408058,0.982418524871,0.995072836332,0.00647577776378,0.00101334789141,0.00293008518919,0.000762362356125
1.0,200,3,auto,rbf,-1,,,,,,,True,0.001,,,,,,,,,0.918,,,,,1,0.5,10000,3,0.1,1,0.2,1,15,0.3,,,,,,,,,,,,,,,,,,,,
1.0,200,3,auto,rbf,-1,,,,,,,True,0.001,,,,,,,,,,0.830262978872,0.299391349157,0.713571428571,0.842367032969,1,0.5,10000,3,0.1,1,0.2,1,15,0.3,0.1,0.01,"{'gamma': 0.01, 'C': 0.1}",,,,,,,2,0.709940017138,0.779897128161,0.741645244216,0.974067723961,0.68910806175,0.773136246787,0.0323044711106,0.00652691033408,0.0215999194862,0.0931673454414
1.0,200,3,auto,rbf,-1,,,,,,,True,0.001,,,,,,,,,,1.0488790671,0.228729168574,0.906428571429,0.998571408108,1,0.5,10000,3,0.1,1,0.2,1,15,0.3,10,0.01,"{'gamma': 0.01, 'C': 10}",,,,,,,1,0.907883461868,0.998071153022,0.919023136247,0.998928418345,0.892367066895,0.998714652956,0.0887079291296,0.00531165347192,0.0109300597483,0.00036433983561
,,,,,,0.001,3,1e-07,1000,50,0.5,,,1.0,200,3,auto,rbf,-1,True,0.001,0.964333333333,,,,,1,0.5,10000,3,0.1,1,0.2,1,15,0.3,,,,,,,,,,,,,,,,,,,,
,,,,,,0.001,3,1e-07,1000,50,0.5,,,1.0,200,3,auto,rbf,-1,True,0.001,,0.589659849803,0.194672584534,0.884857142857,0.885642525992,1,0.5,10000,3,0.1,1,0.2,1,15,0.3,0.1,0.01,"{'gamma': 0.01, 'C': 0.1}",,,,,,,2,0.886032562125,0.887483926275,0.880034275921,0.88148306901,0.888507718696,0.887960582691,0.0535069311841,0.00174932266738,0.00355751716367,0.00294761057171
,,,,,,0.001,3,1e-07,1000,50,0.5,,,1.0,200,3,auto,rbf,-1,True,0.001,,0.236601988475,0.0747374693553,0.951142857143,0.959928508577,1,0.5,10000,3,0.1,1,0.2,1,15,0.3,10,0.01,"{'gamma': 0.01, 'C': 10}",,,,,,,1,0.95501285347,0.960780111444,0.947300771208,0.958636948135,0.951114922813,0.960368466153,0.00411556959442,0.000754094418282,0.00314895604386,0.000928604416381
,,,,,,0.001,3,1e-07,1000,50,0.5,,,1.0,200,3,auto,rbf,-1,True,0.001,0.678666666667,,,,,1,0.5,10000,3,0.1,1,0.2,1,15,0.3,,,,0.001,3,1e-07,1000,50,0.5,,,,,,,,,,,
,,,,,,0.001,3,1e-07,1000,50,0.5,,,1.0,200,3,auto,rbf,-1,True,0.001,,0.597407341003,0.205356121063,0.891714285714,0.900928924477,1,0.5,10000,3,0.1,1,0.2,1,15,0.3,0.1,0.01,"{'gamma': 0.01, 'C': 0.1}",0.001,3,1e-07,1000,50,0.5,2,0.893316195373,0.903129018431,0.895458440446,0.901200171453,0.886363636364,0.898457583548,0.0270789754563,0.00587751872926,0.00388169363858,0.00191672588189
,,,,,,0.001,3,1e-07,1000,50,0.5,,,1.0,200,3,auto,rbf,-1,True,0.001,,0.366402308146,0.0874010721842,0.940142857143,0.976071590837,1,0.5,10000,3,0.1,1,0.2,1,15,0.3,10,0.01,"{'gamma': 0.01, 'C': 10}",0.001,3,1e-07,1000,50,0.5,1,0.942159383033,0.976853836262,0.938303341902,0.976425203601,0.939965694683,0.974935732648,0.01175283453,0.00167558869117,0.00157941869224,0.000822014541213
1.0,200,3,auto,rbf,-1,,,,,,,True,0.001,,,,,,,,,0.916333333333,,,,,1,0.5,10000,3,0.1,1,0.2,3,15,0.3,,,,,,,,,,,,,,,,,,,,
1.0,200,3,auto,rbf,-1,,,,,,,True,0.001,,,,,,,,,,0.866511980693,0.295328378677,0.748714285714,0.943935251859,1,0.5,10000,3,0.1,1,0.2,3,15,0.3,0.1,0.01,"{'gamma': 0.01, 'C': 0.1}",,,,,,,2,0.778063410454,0.970210030004,0.739931448158,0.96442348907,0.728130360206,0.897172236504,0.0432919955764,0.00292875001911,0.0213091011876,0.0331507236507
1.0,200,3,auto,rbf,-1,,,,,,,True,0.001,,,,,,,,,,1.05216264725,0.240474939346,0.909285714286,0.998142959093,1,0.5,10000,3,0.1,1,0.2,3,15,0.3,10,0.01,"{'gamma': 0.01, 'C': 10}",,,,,,,1,0.914310197087,0.997856836691,0.903598971722,0.999142734676,0.909948542024,0.997429305913,0.0159871142582,0.0147399686243,0.00439848499152,0.000728175369898
,,,,,,0.001,3,1e-07,1000,50,0.5,,,1.0,200,3,auto,rbf,-1,True,0.001,0.95,,,,,1,0.5,10000,3,0.1,1,0.2,3,15,0.3,,,,,,,,,,,,,,,,,,,,
,,,,,,0.001,3,1e-07,1000,50,0.5,,,1.0,200,3,auto,rbf,-1,True,0.001,,0.765755097071,0.247145811717,0.92,0.922928976388,1,0.5,10000,3,0.1,1,0.2,3,15,0.3,0.1,0.01,"{'gamma': 0.01, 'C': 0.1}",,,,,,,2,0.926735218509,0.923060437205,0.920736932305,0.925632233176,0.912521440823,0.920094258783,0.29000961734,0.0638218342834,0.00582569714488,0.00226277875691
,,,,,,0.001,3,1e-07,1000,50,0.5,,,1.0,200,3,auto,rbf,-1,True,0.001,,0.226711591085,0.0737881660461,0.948285714286,0.958857233002,1,0.5,10000,3,0.1,1,0.2,3,15,0.3,10,0.01,"{'gamma': 0.01, 'C': 10}",,,,,,,1,0.953727506427,0.958851264466,0.943016281063,0.959494213459,0.948113207547,0.95822622108,0.00532427358132,0.00055882022688,0.00437516338983,0.000517672925117
,,,,,,0.001,3,1e-07,1000,50,0.5,,,1.0,200,3,auto,rbf,-1,True,0.001,0.586333333333,,,,,1,0.5,10000,3,0.1,1,0.2,3,15,0.3,,,,0.001,3,1e-07,1000,50,0.5,,,,,,,,,,,
,,,,,,0.001,3,1e-07,1000,50,0.5,,,1.0,200,3,auto,rbf,-1,True,0.001,,0.715957800547,0.242700497309,0.914142857143,0.929643241971,1,0.5,10000,3,0.1,1,0.2,3,15,0.3,0.1,0.01,"{'gamma': 0.01, 'C': 0.1}",0.001,3,1e-07,1000,50,0.5,2,0.926735218509,0.930561508787,0.909597257926,0.931418774111,0.906089193825,0.926949443016,0.0271782682861,0.0038206688629,0.00902045221929,0.00193668799178
,,,,,,0.001,3,1e-07,1000,50,0.5,,,1.0,200,3,auto,rbf,-1,True,0.001,,0.379670063655,0.0950268109639,0.927857142857,0.975428794884,1,0.5,10000,3,0.1,1,0.2,3,15,0.3,10,0.01,"{'gamma': 0.01, 'C': 10}",0.001,3,1e-07,1000,50,0.5,1,0.934447300771,0.973210458637,0.917737789203,0.979211315902,0.931389365352,0.973864610111,0.0102165375252,0.00151211754796,0.00726504489819,0.00268794561958
1.0,200,3,auto,rbf,-1,,,,,,,True,0.001,,,,,,,,,0.858333333333,,,,,3,0.5,10000,3,0.1,1,0.2,1,15,0.3,,,,,,,,,,,,,,,,,,,,
1.0,200,3,auto,rbf,-1,,,,,,,True,0.001,,,,,,,,,,0.876106182734,0.307557741801,0.544285714286,0.548571114272,3,0.5,10000,3,0.1,1,0.2,1,15,0.3,0.1,0.01,"{'gamma': 0.01, 'C': 0.1}",,,,,,,2,0.541559554413,0.545863694814,0.545415595544,0.549078439777,0.545883361921,0.550771208226,0.00737047229454,0.00287424176483,0.00193753166711,0.00203534703835
1.0,200,3,auto,rbf,-1,,,,,,,True,0.001,,,,,,,,,,1.04061071078,0.294135729472,0.823,0.999928591831,3,0.5,10000,3,0.1,1,0.2,1,15,0.3,10,0.01,"{'gamma': 0.01, 'C': 10}",,,,,,,1,0.856898029135,1.0,0.793059125964,1.0,0.819039451115,0.999785775493,0.00445149445896,0.00564384482719,0.026215731531,0.000100986401198
,,,,,,0.001,3,1e-07,1000,50,0.5,,,1.0,200,3,auto,rbf,-1,True,0.001,0.933666666667,,,,,3,0.5,10000,3,0.1,1,0.2,1,15,0.3,,,,,,,,,,,,,,,,,,,,
,,,,,,0.001,3,1e-07,1000,50,0.5,,,1.0,200,3,auto,rbf,-1,True,0.001,,0.869896570841,0.300302346547,0.736142857143,0.737213407767,3,0.5,10000,3,0.1,1,0.2,1,15,0.3,0.1,0.01,"{'gamma': 0.01, 'C': 0.1}",,,,,,,2,0.727077977721,0.73703386198,0.751499571551,0.731247321046,0.729845626072,0.743359040274,0.0627287457554,0.0440583366153,0.0109197685078,0.00494621829843
,,,,,,0.001,3,1e-07,1000,50,0.5,,,1.0,200,3,auto,rbf,-1,True,0.001,,0.401229302088,0.120819886525,0.933142857143,0.943571599713,3,0.5,10000,3,0.1,1,0.2,1,15,0.3,10,0.01,"{'gamma': 0.01, 'C': 10}",,,,,,,1,0.94087403599,0.942134590656,0.933161953728,0.946206600943,0.92538593482,0.942373607541,0.0200934018561,0.0136871111138,0.00632255301196,0.00186578060137
,,,,,,0.001,3,1e-07,1000,50,0.5,,,1.0,200,3,auto,rbf,-1,True,0.001,0.461333333333,,,,,3,0.5,10000,3,0.1,1,0.2,1,15,0.3,,,,0.001,3,1e-07,1000,50,0.5,,,,,,,,,,,
,,,,,,0.001,3,1e-07,1000,50,0.5,,,1.0,200,3,auto,rbf,-1,True,0.001,,0.420616070429,0.145494381587,0.937714285714,0.940356732318,3,0.5,10000,3,0.1,1,0.2,1,15,0.3,0.1,0.01,"{'gamma': 0.01, 'C': 0.1}",0.001,3,1e-07,1000,50,0.5,2,0.940445586975,0.937419631376,0.934018851757,0.940420060009,0.938679245283,0.94323050557,0.0106266751319,0.00341323453744,0.00271126580581,0.00237270204924
,,,,,,0.001,3,1e-07,1000,50,0.5,,,1.0,200,3,auto,rbf,-1,True,0.001,,0.241817633311,0.0651995340983,0.953571428571,0.975500050013,3,0.5,10000,3,0.1,1,0.2,1,15,0.3,10,0.01,"{'gamma': 0.01, 'C': 10}",0.001,3,1e-07,1000,50,0.5,1,0.956726649529,0.974924989284,0.953299057412,0.976425203601,0.950686106346,0.975149957155,0.00744783161652,0.000585979850795,0.00247337812784,0.00066059796434
1.0,200,3,auto,rbf,-1,,,,,,,True,0.001,,,,,,,,,0.79,,,,,3,0.5,10000,3,0.1,1,0.2,3,15,0.3,,,,,,,,,,,,,,,,,,,,
1.0,200,3,auto,rbf,-1,,,,,,,True,0.001,,,,,,,,,,0.931259393692,0.346877257029,0.514,0.51399999504,3,0.5,10000,3,0.1,1,0.2,3,15,0.3,0.1,0.01,"{'gamma': 0.01, 'C': 0.1}",,,,,,,2,0.514138817481,0.513930561509,0.513930561509,0.514034711806,0.513930561509,0.514034711806,0.00670088878179,0.00172689389953,9.81798167404e-05,4.90969210891e-05
1.0,200,3,auto,rbf,-1,,,,,,,True,0.001,,,,,,,,,,1.14397478104,0.352299690247,0.759142857143,1.0,3,0.5,10000,3,0.1,1,0.2,3,15,0.3,10,0.01,"{'gamma': 0.01, 'C': 10}",,,,,,,1,0.754498714653,1.0,0.756965280754,1.0,0.765966566652,1.0,0.0324228451501,0.0127323897419,0.00492854755152,0.0
,,,,,,0.001,3,1e-07,1000,50,0.5,,,1.0,200,3,auto,rbf,-1,True,0.001,0.953666666667,,,,,3,0.5,10000,3,0.1,1,0.2,3,15,0.3,,,,,,,,,,,,,,,,,,,,
,,,,,,0.001,3,1e-07,1000,50,0.5,,,1.0,200,3,auto,rbf,-1,True,0.001,,0.640769004822,0.253436247508,0.913285714286,0.918857167541,3,0.5,10000,3,0.1,1,0.2,3,15,0.3,0.1,0.01,"{'gamma': 0.01, 'C': 0.1}",,,,,,,2,0.929734361611,0.919202743249,0.906558079726,0.92500535676,0.903557651093,0.912363402614,0.165992319313,0.0870777751807,0.0116977433178,0.00516683772312
,,,,,,0.001,3,1e-07,1000,50,0.5,,,1.0,200,3,auto,rbf,-1,True,0.001,,0.248651266098,0.072909116745,0.947,0.963428397574,3,0.5,10000,3,0.1,1,0.2,3,15,0.3,10,0.01,"{'gamma': 0.01, 'C': 10}",,,,,,,1,0.955441302485,0.960994427775,0.937848264038,0.965073923291,0.947706815259,0.964216841654,0.00912666062535,0.00264962907792,0.00719994835748,0.0017562847087
,,,,,,0.001,3,1e-07,1000,50,0.5,,,1.0,200,3,auto,rbf,-1,True,0.001,0.500333333333,,,,,3,0.5,10000,3,0.1,1,0.2,3,15,0.3,,,,0.001,3,1e-07,1000,50,0.5,,,,,,,,,,,
,,,,,,0.001,3,1e-07,1000,50,0.5,,,1.0,200,3,auto,rbf,-1,True,0.001,,0.622251907984,0.212248961131,0.865285714286,0.872999534385,3,0.5,10000,3,0.1,1,0.2,3,15,0.3,0.1,0.01,"{'gamma': 0.01, 'C': 0.1}",0.001,3,1e-07,1000,50,0.5,2,0.882176520994,0.866480925847,0.857693956279,0.876580244268,0.855979425632,0.87593743304,0.0178852015068,0.00295573555666,0.0119666488976,0.00461681669031
,,,,,,0.001,3,1e-07,1000,50,0.5,,,1.0,200,3,auto,rbf,-1,True,0.001,,0.372360785802,0.0952502886454,0.923285714286,0.962356968991,3,0.5,10000,3,0.1,1,0.2,3,15,0.3,10,0.01,"{'gamma': 0.01, 'C': 10}",0.001,3,1e-07,1000,50,0.5,1,0.931448157669,0.959922846121,0.913844834976,0.96550246411,0.924560651522,0.961645596743,0.0129615614348,0.0050818525392,0.00724309371825,0.00233274831931
1.0,200,3,auto,rbf,-1,,,,,,,True,0.001,,,,,,,,,0.976666666667,,,,,1,0.5,10000,1,0.1,3,0.2,1,15,0.3,,,,,,,,,,,,,,,,,,,,
1.0,200,3,auto,rbf,-1,,,,,,,True,0.001,,,,,,,,,,0.350188652674,0.0965908368429,0.961714285714,0.964142892494,1,0.5,10000,1,0.1,3,0.2,1,15,0.3,0.1,0.01,"{'gamma': 0.01, 'C': 0.1}",,,,,,,2,0.961439588689,0.964637805401,0.960137162452,0.964216841654,0.963566223746,0.963574030426,0.0203799193056,0.00130743375604,0.00141322644919,0.000437420970209
1.0,200,3,auto,rbf,-1,,,,,,,True,0.001,,,,,,,,,,0.305212497711,0.0622264544169,0.969428571429,0.980285729392,1,0.5,10000,1,0.1,3,0.2,1,15,0.3,10,0.01,"{'gamma': 0.01, 'C': 10}",,,,,,,1,0.97000856898,0.980497213888,0.969567081012,0.981144203985,0.968709815688,0.979215770302,0.0193692811682,0.0053278267098,0.000539200473116,0.000801356511069
,,,,,,0.001,3,1e-07,1000,50,0.5,,,1.0,200,3,auto,rbf,-1,True,0.001,0.976666666667,,,,,1,0.5,10000,1,0.1,3,0.2,1,15,0.3,,,,,,,,,,,,,,,,,,,,
,,,,,,0.001,3,1e-07,1000,50,0.5,,,1.0,200,3,auto,rbf,-1,True,0.001,,0.168819268545,0.0606761773427,0.964571428571,0.964928565968,1,0.5,10000,1,0.1,3,0.2,1,15,0.3,0.1,0.01,"{'gamma': 0.01, 'C': 0.1}",,,,,,,2,0.965724078835,0.964852121732,0.960994427775,0.965716734519,0.966995285041,0.964216841654,0.00392983505409,0.00574519489041,0.00258175198677,0.000614709927498
,,,,,,0.001,3,1e-07,1000,50,0.5,,,1.0,200,3,auto,rbf,-1,True,0.001,,0.0977309544881,0.0282689730326,0.973285714286,0.975714152804,1,0.5,10000,1,0.1,3,0.2,1,15,0.3,10,0.01,"{'gamma': 0.01, 'C': 10}",,,,,,,1,0.976435304199,0.97385340763,0.969995713673,0.977715877437,0.973424774968,0.975573173345,0.00367234367051,0.000767839346783,0.00263088348417,0.00157999465394
,,,,,,0.001,3,1e-07,1000,50,0.5,,,1.0,200,3,auto,rbf,-1,True,0.001,0.5,,,,,1,0.5,10000,1,0.1,3,0.2,1,15,0.3,,,,0.001,3,1e-07,1000,50,0.5,,,,,,,,,,,
,,,,,,0.001,3,1e-07,1000,50,0.5,,,1.0,200,3,auto,rbf,-1,True,0.001,,0.173530658086,0.0642864704132,0.979142857143,0.979999989591,1,0.5,10000,1,0.1,3,0.2,1,15,0.3,0.1,0.01,"{'gamma': 0.01, 'C': 0.1}",0.001,3,1e-07,1000,50,0.5,2,0.981148243359,0.979854264895,0.975567938277,0.981144203985,0.980711530219,0.979001499893,0.00152457053663,0.000372798891869,0.0025338590963,0.000880803410668
,,,,,,0.001,3,1e-07,1000,50,0.5,,,1.0,200,3,auto,rbf,-1,True,0.001,,0.0737177530924,0.018620411555,0.988571428571,0.995000050973,1,0.5,10000,1,0.1,3,0.2,1,15,0.3,10,0.01,"{'gamma': 0.01, 'C': 10}",0.001,3,1e-07,1000,50,0.5,1,0.988003427592,0.995713673382,0.987141020146,0.994857510178,0.99057008144,0.994428969359,0.000629044196393,0.00010262257473,0.00145631222508,0.000534075222622
1.0,200,3,auto,rbf,-1,,,,,,,True,0.001,,,,,,,,,0.969666666667,,,,,1,0.5,10000,1,0.1,3,0.2,3,15,0.3,,,,,,,,,,,,,,,,,,,,
1.0,200,3,auto,rbf,-1,,,,,,,True,0.001,,,,,,,,,,0.209985415141,0.0678075154622,0.965714285714,0.966642682337,1,0.5,10000,1,0.1,3,0.2,3,15,0.3,0.1,0.01,"{'gamma': 0.01, 'C': 0.1}",,,,,,,2,0.961868037704,0.968281183026,0.969580119966,0.963780540077,0.965694682676,0.967866323907,0.00513067957906,0.00158810685734,0.00314892462788,0.00203091453266
1.0,200,3,auto,rbf,-1,,,,,,,True,0.001,,,,,,,,,,0.195496161779,0.0444342295329,0.966714285714,0.975357264283,1,0.5,10000,1,0.1,3,0.2,3,15,0.3,10,0.01,"{'gamma': 0.01, 'C': 10}",,,,,,,1,0.962296486718,0.975782254608,0.971722365039,0.975782254608,0.966123499142,0.974507283633,0.0136796091792,0.00206119212776,0.00387123486104,0.000601027081282
,,,,,,0.001,3,1e-07,1000,50,0.5,,,1.0,200,3,auto,rbf,-1,True,0.001,0.969333333333,,,,,1,0.5,10000,1,0.1,3,0.2,3,15,0.3,,,,,,,,,,,,,,,,,,,,
,,,,,,0.001,3,1e-07,1000,50,0.5,,,1.0,200,3,auto,rbf,-1,True,0.001,,0.13715950648,0.0480748017629,0.965714285714,0.966071416984,1,0.5,10000,1,0.1,3,0.2,3,15,0.3,0.1,0.01,"{'gamma': 0.01, 'C': 0.1}",,,,,,,2,0.961868037704,0.967852550364,0.970865467009,0.964209172739,0.964408233276,0.966152527849,0.0126430232439,0.00169292521268,0.00378791494198,0.00148850805833
,,,,,,0.001,3,1e-07,1000,50,0.5,,,1.0,200,3,auto,rbf,-1,True,0.001,,0.103726943334,0.0310881137848,0.968142857143,0.970071223298,1,0.5,10000,1,0.1,3,0.2,3,15,0.3,10,0.01,"{'gamma': 0.01, 'C': 10}",,,,,,,1,0.964438731791,0.971281611659,0.973864610111,0.967423917703,0.966123499142,0.971508140531,0.00410468734733,0.000906987039652,0.00410478388449,0.00187421077035
,,,,,,0.001,3,1e-07,1000,50,0.5,,,1.0,200,3,auto,rbf,-1,True,0.001,0.467333333333,,,,,1,0.5,10000,1,0.1,3,0.2,3,15,0.3,,,,0.001,3,1e-07,1000,50,0.5,,,,,,,,,,,
,,,,,,0.001,3,1e-07,1000,50,0.5,,,1.0,200,3,auto,rbf,-1,True,0.001,,0.190442959468,0.0657834211985,0.974142857143,0.976500223499,1,0.5,10000,1,0.1,3,0.2,3,15,0.3,0.1,0.01,"{'gamma': 0.01, 'C': 0.1}",0.001,3,1e-07,1000,50,0.5,2,0.971293916024,0.978354050579,0.976006855184,0.97621088727,0.97512864494,0.974935732648,0.0237559093372,0.00198028821612,0.0020465815545,0.00141043987445
,,,,,,0.001,3,1e-07,1000,50,0.5,,,1.0,200,3,auto,rbf,-1,True,0.001,,0.099890311559,0.02548011144,0.989571428571,0.995000050809,1,0.5,10000,1,0.1,3,0.2,3,15,0.3,10,0.01,"{'gamma': 0.01, 'C': 10}",0.001,3,1e-07,1000,50,0.5,1,0.99057412168,0.994856408058,0.987574978578,0.995499357051,0.990566037736,0.994644387318,0.01531152304,0.00368175636638,0.00141200970389,0.00036351821689
1.0,200,3,auto,rbf,-1,,,,,,,True,0.001,,,,,,,,,0.966,,,,,3,0.5,10000,1,0.1,3,0.2,1,15,0.3,,,,,,,,,,,,,,,,,,,,
1.0,200,3,auto,rbf,-1,,,,,,,True,0.001,,,,,,,,,,0.550429662069,0.200378020604,0.966571428571,0.97185707029,3,0.5,10000,1,0.1,3,0.2,1,15,0.3,0.1,0.01,"{'gamma': 0.01, 'C': 0.1}",,,,,,,1,0.965724078835,0.971281611659,0.967009425878,0.971924560652,0.966981132075,0.97236503856,0.00927198014726,0.014130336266,0.000599406432921,0.000444874270199
1.0,200,3,auto,rbf,-1,,,,,,,True,0.001,,,,,,,,,,0.43004544576,0.10528143247,0.961857142857,0.993642775262,3,0.5,10000,1,0.1,3,0.2,1,15,0.3,10,0.01,"{'gamma': 0.01, 'C': 10}",,,,,,,2,0.961868037704,0.993999142735,0.96058269066,0.992713244749,0.963121783877,0.994215938303,0.0123175654473,0.00013225711805,0.00103653496686,0.00066320952488
,,,,,,0.001,3,1e-07,1000,50,0.5,,,1.0,200,3,auto,rbf,-1,True,0.001,0.974333333333,,,,,3,0.5,10000,1,0.1,3,0.2,1,15,0.3,,,,,,,,,,,,,,,,,,,,
,,,,,,0.001,3,1e-07,1000,50,0.5,,,1.0,200,3,auto,rbf,-1,True,0.001,,0.230332374573,0.0839036305745,0.961857142857,0.961714202531,3,0.5,10000,1,0.1,3,0.2,1,15,0.3,0.1,0.01,"{'gamma': 0.01, 'C': 0.1}",,,,,,,2,0.958868894602,0.962494642092,0.966152527849,0.960351478783,0.960548885077,0.962296486718,0.00196388719469,0.00461392776385,0.0031143936333,0.000966981005794
,,,,,,0.001,3,1e-07,1000,50,0.5,,,1.0,200,3,auto,rbf,-1,True,0.001,,0.115347385406,0.0328435897827,0.976857142857,0.976857203128,3,0.5,10000,1,0.1,3,0.2,1,15,0.3,10,0.01,"{'gamma': 0.01, 'C': 10}",,,,,,,1,0.975149957155,0.977496785255,0.979005998286,0.976639519931,0.97641509434,0.976435304199,0.00565113800968,0.00100353928687,0.00160514899879,0.000459873162861
,,,,,,0.001,3,1e-07,1000,50,0.5,,,1.0,200,3,auto,rbf,-1,True,0.001,0.65,,,,,3,0.5,10000,1,0.1,3,0.2,1,15,0.3,,,,0.001,3,1e-07,1000,50,0.5,,,,,,,,,,,
,,,,,,0.001,3,1e-07,1000,50,0.5,,,1.0,200,3,auto,rbf,-1,True,0.001,,0.297872940699,0.118006785711,0.962857142857,0.964071223053,3,0.5,10000,1,0.1,3,0.2,1,15,0.3,0.1,0.01,"{'gamma': 0.01, 'C': 0.1}",0.001,3,1e-07,1000,50,0.5,2,0.960154241645,0.96442348907,0.96529562982,0.962280325761,0.963121783877,0.965509854327,0.011076189745,0.00665611782113,0.00210757955438,0.00134177300629
,,,,,,0.001,3,1e-07,1000,50,0.5,,,1.0,200,3,auto,rbf,-1,True,0.001,,0.118949254354,0.0318293571472,0.981,0.988214346449,3,0.5,10000,1,0.1,3,0.2,1,15,0.3,10,0.01,"{'gamma': 0.01, 'C': 10}",0.001,3,1e-07,1000,50,0.5,1,0.981148243359,0.9882126018,0.983290488432,0.988641234462,0.978559176672,0.987789203085,0.00896154343153,0.00138297089844,0.00193425547655,0.000347842540811
1.0,200,3,auto,rbf,-1,,,,,,,True,0.001,,,,,,,,,0.967666666667,,,,,3,0.5,10000,1,0.1,3,0.2,3,15,0.3,,,,,,,,,,,,,,,,,,,,
1.0,200,3,auto,rbf,-1,,,,,,,True,0.001,,,,,,,,,,0.718725601832,0.23953795433,0.961,0.968357198661,3,0.5,10000,1,0.1,3,0.2,3,15,0.3,0.1,0.01,"{'gamma': 0.01, 'C': 0.1}",,,,,,,1,0.960154241645,0.96913844835,0.957565366481,0.967002356975,0.965280754393,0.968930790658,0.0114560408751,0.00308641408365,0.00320586826902,0.000961761379011
1.0,200,3,auto,rbf,-1,,,,,,,True,0.001,,,,,,,,,,0.575217644374,0.148272514343,0.953285714286,0.995000081587,3,0.5,10000,1,0.1,3,0.2,3,15,0.3,10,0.01,"{'gamma': 0.01, 'C': 10}",,,,,,,2,0.952442159383,0.996142306044,0.952421774539,0.993786158132,0.95499357051,0.995071780587,0.0155129905163,0.00445374136742,0.00120753600957,0.000963228531521
,,,,,,0.001,3,1e-07,1000,50,0.5,,,1.0,200,3,auto,rbf,-1,True,0.001,0.967666666667,,,,,3,0.5,10000,1,0.1,3,0.2,3,15,0.3,,,,,,,,,,,,,,,,,,,,
,,,,,,0.001,3,1e-07,1000,50,0.5,,,1.0,200,3,auto,rbf,-1,True,0.001,,0.320736408234,0.108839511871,0.951,0.951285749505,3,0.5,10000,1,0.1,3,0.2,3,15,0.3,0.1,0.01,"{'gamma': 0.01, 'C': 0.1}",,,,,,,2,0.947300771208,0.951778825547,0.948992713245,0.952431969145,0.956708101157,0.949646453825,0.00049525735232,0.000683130127864,0.00409449191641,0.00118943036413
,,,,,,0.001,3,1e-07,1000,50,0.5,,,1.0,200,3,auto,rbf,-1,True,0.001,,0.135182221731,0.0419502258301,0.965285714286,0.96807145886,3,0.5,10000,1,0.1,3,0.2,3,15,0.3,10,0.01,"{'gamma': 0.01, 'C': 10}",,,,,,,1,0.963581833762,0.968495499357,0.964852121732,0.968073709021,0.967423917703,0.967645168202,0.00196119738185,0.00200182345155,0.00159825683112,0.000347149886567
,,,,,,0.001,3,1e-07,1000,50,0.5,,,1.0,200,3,auto,rbf,-1,True,0.001,0.396333333333,,,,,3,0.5,10000,1,0.1,3,0.2,3,15,0.3,,,,0.001,3,1e-07,1000,50,0.5,,,,,,,,,,,
,,,,,,0.001,3,1e-07,1000,50,0.5,,,1.0,200,3,auto,rbf,-1,True,0.001,,0.302623510361,0.110401948293,0.960571428571,0.963785759838,3,0.5,10000,1,0.1,3,0.2,3,15,0.3,0.1,0.01,"{'gamma': 0.01, 'C': 0.1}",0.001,3,1e-07,1000,50,0.5,2,0.958440445587,0.96442348907,0.958851264466,0.963788300836,0.96442348907,0.963145489608,0.0130108880369,0.00156814288873,0.00272868576971,0.000521744189368
,,,,,,0.001,3,1e-07,1000,50,0.5,,,1.0,200,3,auto,rbf,-1,True,0.001,,0.166750590007,0.045273065567,0.963571428571,0.976643025284,3,0.5,10000,1,0.1,3,0.2,3,15,0.3,10,0.01,"{'gamma': 0.01, 'C': 10}",0.001,3,1e-07,1000,50,0.5,1,0.959297343616,0.978996999571,0.965709387055,0.975358902936,0.965709387055,0.975573173345,0.00105083998411,0.000388722172871,0.00302288210008,0.00166680815967
1.0,200,3,auto,rbf,-1,,,,,,,True,0.001,,,,,,,,,0.895666666667,,,,,1,0.5,10000,3,0.1,3,0.2,1,15,0.3,,,,,,,,,,,,,,,,,,,,
1.0,200,3,auto,rbf,-1,,,,,,,True,0.001,,,,,,,,,,0.849843819936,0.298184235891,0.696714285714,0.824439320405,1,0.5,10000,3,0.1,3,0.2,1,15,0.3,0.1,0.01,"{'gamma': 0.01, 'C': 0.1}",,,,,,,2,0.726649528706,0.974924989284,0.676382340334,0.730233554746,0.68709815688,0.768159417184,0.0060617691392,0.00198002902515,0.0216191310201,0.107529980824
1.0,200,3,auto,rbf,-1,,,,,,,True,0.001,,,,,,,,,,1.02436772982,0.239915370941,0.875428571429,0.999071418357,1,0.5,10000,3,0.1,3,0.2,1,15,0.3,10,0.01,"{'gamma': 0.01, 'C': 10}",,,,,,,1,0.883890317052,0.998928418345,0.873981997428,0.999785729591,0.868409772825,0.998500107135,0.0681722446922,0.00295282212003,0.00640235295449,0.00053450477207
,,,,,,0.001,3,1e-07,1000,50,0.5,,,1.0,200,3,auto,rbf,-1,True,0.001,0.966333333333,,,,,1,0.5,10000,3,0.1,3,0.2,1,15,0.3,,,,,,,,,,,,,,,,,,,,
,,,,,,0.001,3,1e-07,1000,50,0.5,,,1.0,200,3,auto,rbf,-1,True,0.001,,0.545032978058,0.182630777359,0.923,0.92671448396,1,0.5,10000,3,0.1,3,0.2,1,15,0.3,0.1,0.01,"{'gamma': 0.01, 'C': 0.1}",,,,,,,2,0.913024850043,0.929489927132,0.930132876125,0.925433897579,0.925846549507,0.925219627169,0.0448437155078,0.00220972454698,0.00726875473888,0.00196448323209
,,,,,,0.001,3,1e-07,1000,50,0.5,,,1.0,200,3,auto,rbf,-1,True,0.001,,0.220599651337,0.0702052116394,0.952857142857,0.965571270046,1,0.5,10000,3,0.1,3,0.2,1,15,0.3,10,0.01,"{'gamma': 0.01, 'C': 10}",,,,,,,1,0.942159383033,0.963351907415,0.957993999143,0.96550246411,0.958422631805,0.967859438612,0.00734579938606,0.00186353748945,0.00756810253929,0.00184083496703
,,,,,,0.001,3,1e-07,1000,50,0.5,,,1.0,200,3,auto,rbf,-1,True,0.001,0.514333333333,,,,,1,0.5,10000,3,0.1,3,0.2,1,15,0.3,,,,0.001,3,1e-07,1000,50,0.5,,,,,,,,,,,
,,,,,,0.001,3,1e-07,1000,50,0.5,,,1.0,200,3,auto,rbf,-1,True,0.001,,0.543609778086,0.189752817154,0.896714285714,0.906928713346,1,0.5,10000,3,0.1,3,0.2,1,15,0.3,0.1,0.01,"{'gamma': 0.01, 'C': 0.1}",0.001,3,1e-07,1000,50,0.5,2,0.889460154242,0.908915559366,0.896270895842,0.904435397472,0.904414916417,0.907435183201,0.00474096567442,0.000983609845552,0.00611351690165,0.00186375006098
,,,,,,0.001,3,1e-07,1000,50,0.5,,,1.0,200,3,auto,rbf,-1,True,0.001,,0.288791577021,0.0771998564402,0.939714285714,0.96828566804,1,0.5,10000,3,0.1,3,0.2,1,15,0.3,10,0.01,"{'gamma': 0.01, 'C': 10}",0.001,3,1e-07,1000,50,0.5,1,0.9353041988,0.967638234033,0.941277325332,0.969573601886,0.942563223318,0.967645168202,0.00744691969216,0.000661601729029,0.00316293393423,0.000910711155376
1.0,200,3,auto,rbf,-1,,,,,,,True,0.001,,,,,,,,,0.926,,,,,1,0.5,10000,3,0.1,3,0.2,3,15,0.3,,,,,,,,,,,,,,,,,,,,
1.0,200,3,auto,rbf,-1,,,,,,,True,0.001,,,,,,,,,,0.803522189458,0.295543750127,0.814571428571,0.973143702865,1,0.5,10000,3,0.1,3,0.2,3,15,0.3,0.1,0.01,"{'gamma': 0.01, 'C': 0.1}",,,,,,,2,0.853898886033,0.977711101586,0.802485004284,0.974496356622,0.78730703259,0.967223650386,0.0101622472275,0.0141923888873,0.0284964133302,0.00438701966496
1.0,200,3,auto,rbf,-1,,,,,,,True,0.001,,,,,,,,,,1.06300179164,0.216512759527,0.917857142857,0.997857203985,1,0.5,10000,3,0.1,3,0.2,3,15,0.3,10,0.01,"{'gamma': 0.01, 'C': 10}",,,,,,,1,0.916880891174,0.998071153022,0.917309340189,0.998071153022,0.919382504288,0.997429305913,0.130554985338,0.00231377588095,0.0010922318273,0.000302569628964
,,,,,,0.001,3,1e-07,1000,50,0.5,,,1.0,200,3,auto,rbf,-1,True,0.001,0.954333333333,,,,,1,0.5,10000,3,0.1,3,0.2,3,15,0.3,,,,,,,,,,,,,,,,,,,,
,,,,,,0.001,3,1e-07,1000,50,0.5,,,1.0,200,3,auto,rbf,-1,True,0.001,,0.476107517878,0.167077461878,0.936428571429,0.940857599562,1,0.5,10000,3,0.1,3,0.2,3,15,0.3,0.1,0.01,"{'gamma': 0.01, 'C': 0.1}",,,,,,,2,0.93059125964,0.943634804972,0.931448157669,0.941277325332,0.947255574614,0.93766066838,0.00535322899524,0.00337908363703,0.00766056058569,0.00245692277668
,,,,,,0.001,3,1e-07,1000,50,0.5,,,1.0,200,3,auto,rbf,-1,True,0.001,,0.211882034938,0.067511955897,0.949714285714,0.962358253407,1,0.5,10000,3,0.1,3,0.2,3,15,0.3,10,0.01,"{'gamma': 0.01, 'C': 10}",,,,,,,1,0.943873179092,0.965280754393,0.950728363325,0.967209601372,0.954545454545,0.954584404456,0.00993649792139,0.00403140021986,0.0044152680917,0.00555305671394
,,,,,,0.001,3,1e-07,1000,50,0.5,,,1.0,200,3,auto,rbf,-1,True,0.001,0.600333333333,,,,,1,0.5,10000,3,0.1,3,0.2,3,15,0.3,,,,0.001,3,1e-07,1000,50,0.5,,,,,,,,,,,
,,,,,,0.001,3,1e-07,1000,50,0.5,,,1.0,200,3,auto,rbf,-1,True,0.001,,0.693094968796,0.235810756683,0.922428571429,0.93914355864,1,0.5,10000,3,0.1,3,0.2,3,15,0.3,0.1,0.01,"{'gamma': 0.01, 'C': 0.1}",0.001,3,1e-07,1000,50,0.5,2,0.92030848329,0.94084869267,0.919880034276,0.942348906987,0.927101200686,0.934233076264,0.00604107393584,0.00205379090145,0.00330726186807,0.00352583688652
,,,,,,0.001,3,1e-07,1000,50,0.5,,,1.0,200,3,auto,rbf,-1,True,0.001,,0.40638200442,0.104302247365,0.933857142857,0.978786172538,1,0.5,10000,3,0.1,3,0.2,3,15,0.3,10,0.01,"{'gamma': 0.01, 'C': 10}",0.001,3,1e-07,1000,50,0.5,1,0.935732647815,0.98092584655,0.932305055698,0.979854264895,0.933533447684,0.97557840617,0.0127568169812,0.002402459885,0.00141808619511,0.00231003544218
1.0,200,3,auto,rbf,-1,,,,,,,True,0.001,,,,,,,,,0.827333333333,,,,,3,0.5,10000,3,0.1,3,0.2,1,15,0.3,,,,,,,,,,,,,,,,,,,,
1.0,200,3,auto,rbf,-1,,,,,,,True,0.001,,,,,,,,,,0.892468214035,0.329375902812,0.518285714286,0.521714143764,3,0.5,10000,3,0.1,3,0.2,1,15,0.3,0.1,0.01,"{'gamma': 0.01, 'C': 0.1}",,,,,,,2,0.518423307626,0.520574367767,0.518851756641,0.521860265752,0.517581475129,0.522707797772,0.00976396856247,0.00377225560079,0.000527605350362,0.000877076440404
1.0,200,3,auto,rbf,-1,,,,,,,True,0.001,,,,,,,,,,1.06457527479,0.31797003746,0.787571428571,1.0,3,0.5,10000,3,0.1,3,0.2,1,15,0.3,10,0.01,"{'gamma': 0.01, 'C': 10}",,,,,,,1,0.809768637532,1.0,0.780634104542,1.0,0.772298456261,1.0,0.0124646716259,0.00482521009677,0.0160637009689,0.0
,,,,,,0.001,3,1e-07,1000,50,0.5,,,1.0,200,3,auto,rbf,-1,True,0.001,0.957333333333,,,,,3,0.5,10000,3,0.1,3,0.2,1,15,0.3,,,,,,,,,,,,,,,,,,,,
,,,,,,0.001,3,1e-07,1000,50,0.5,,,1.0,200,3,auto,rbf,-1,True,0.001,,0.59353129069,0.210505406062,0.912714285714,0.914356721054,3,0.5,10000,3,0.1,3,0.2,1,15,0.3,0.1,0.01,"{'gamma': 0.01, 'C': 0.1}",,,,,,,2,0.915167095116,0.913201885984,0.915167095116,0.912558936991,0.907804459691,0.917309340189,0.0160489213036,0.00508754515507,0.00347028347956,0.00210425214984
,,,,,,0.001,3,1e-07,1000,50,0.5,,,1.0,200,3,auto,rbf,-1,True,0.001,,0.235002994537,0.0733563105265,0.957714285714,0.968785539567,3,0.5,10000,3,0.1,3,0.2,1,15,0.3,10,0.01,"{'gamma': 0.01, 'C': 10}",,,,,,,1,0.958440445587,0.969352764681,0.959297343616,0.966995285041,0.955403087479,0.97000856898,0.00750634115477,0.00266836504672,0.00167061187214,0.00129390320919
,,,,,,0.001,3,1e-07,1000,50,0.5,,,1.0,200,3,auto,rbf,-1,True,0.001,0.491666666667,,,,,3,0.5,10000,3,0.1,3,0.2,1,15,0.3,,,,0.001,3,1e-07,1000,50,0.5,,,,,,,,,,,
,,,,,,0.001,3,1e-07,1000,50,0.5,,,1.0,200,3,auto,rbf,-1,True,0.001,,0.505925973256,0.175876458486,0.903857142857,0.912070863839,3,0.5,10000,3,0.1,3,0.2,1,15,0.3,0.1,0.01,"{'gamma': 0.01, 'C': 0.1}",0.001,3,1e-07,1000,50,0.5,2,0.905741216795,0.911701671667,0.909597257926,0.908486926704,0.896226415094,0.916023993145,0.00700883901197,0.000953921471464,0.00561853530268,0.00308804898261
,,,,,,0.001,3,1e-07,1000,50,0.5,,,1.0,200,3,auto,rbf,-1,True,0.001,,0.285552660624,0.0747598807017,0.945142857143,0.973928488744,3,0.5,10000,3,0.1,3,0.2,1,15,0.3,10,0.01,"{'gamma': 0.01, 'C': 10}",0.001,3,1e-07,1000,50,0.5,1,0.942159383033,0.975139305615,0.949443016281,0.972138876982,0.943825042882,0.974507283633,0.00710289104568,0.00359841881428,0.00311640577508,0.00129148380765
1.0,200,3,auto,rbf,-1,,,,,,,True,0.001,,,,,,,,,0.882,,,,,3,0.5,10000,3,0.1,3,0.2,3,15,0.3,,,,,,,,,,,,,,,,,,,,
1.0,200,3,auto,rbf,-1,,,,,,,True,0.001,,,,,,,,,,1.00356642405,0.351952632268,0.611285714286,0.665857297622,3,0.5,10000,3,0.1,3,0.2,3,15,0.3,0.1,0.01,"{'gamma': 0.01, 'C': 0.1}",,,,,,,2,0.6088260497,0.668024003429,0.616373767681,0.682236983073,0.608658379769,0.647310906364,0.00547604465516,0.00155235477901,0.00359806281198,0.0143405873685
1.0,200,3,auto,rbf,-1,,,,,,,True,0.001,,,,,,,,,,1.09347979228,0.317652861277,0.861428571429,0.99985715306,3,0.5,10000,3,0.1,3,0.2,3,15,0.3,10,0.01,"{'gamma': 0.01, 'C': 10}",,,,,,,1,0.877035132819,1.0,0.825546506644,0.999785729591,0.881697385341,0.999785729591,0.0196318589808,0.000630403860995,0.0254410371771,0.000101008039595
,,,,,,0.001,3,1e-07,1000,50,0.5,,,1.0,200,3,auto,rbf,-1,True,0.001,0.955666666667,,,,,3,0.5,10000,3,0.1,3,0.2,3,15,0.3,,,,,,,,,,,,,,,,,,,,
,,,,,,0.001,3,1e-07,1000,50,0.5,,,1.0,200,3,auto,rbf,-1,True,0.001,,0.606213013331,0.205150206884,0.933571428571,0.935286234071,3,0.5,10000,3,0.1,3,0.2,3,15,0.3,0.1,0.01,"{'gamma': 0.01, 'C': 0.1}",,,,,,,2,0.939588688946,0.942563223318,0.930561508787,0.932290550675,0.930561508787,0.931004928219,0.0672393615279,0.0157029017214,0.00425575740024,0.00517230674843
,,,,,,0.001,3,1e-07,1000,50,0.5,,,1.0,200,3,auto,rbf,-1,True,0.001,,0.272082567215,0.0773940881093,0.944571428571,0.962071382263,3,0.5,10000,3,0.1,3,0.2,3,15,0.3,10,0.01,"{'gamma': 0.01, 'C': 10}",,,,,,,1,0.949443016281,0.961423060437,0.942991855979,0.962716948789,0.941277325332,0.962074137562,0.0331261085361,0.00165268152601,0.00351584065898,0.000528231300803
,,,,,,0.001,3,1e-07,1000,50,0.5,,,1.0,200,3,auto,rbf,-1,True,0.001,0.505666666667,,,,,3,0.5,10000,3,0.1,3,0.2,3,15,0.3,,,,0.001,3,1e-07,1000,50,0.5,,,,,,,,,,,
,,,,,,0.001,3,1e-07,1000,50,0.5,,,1.0,200,3,auto,rbf,-1,True,0.001,,0.751315514247,0.261145591736,0.882428571429,0.896214182607,3,0.5,10000,3,0.1,3,0.2,3,15,0.3,0.1,0.01,"{'gamma': 0.01, 'C': 0.1}",0.001,3,1e-07,1000,50,0.5,2,0.876606683805,0.894770681526,0.881268752679,0.901007070924,0.889412773253,0.892864795372,0.00609055472071,0.00029711821154,0.00529216885804,0.003477253161
,,,,,,0.001,3,1e-07,1000,50,0.5,,,1.0,200,3,auto,rbf,-1,True,0.001,,0.417847235998,0.106630166372,0.915571428571,0.96607141802,3,0.5,10000,3,0.1,3,0.2,3,15,0.3,10,0.01,"{'gamma': 0.01, 'C': 10}",0.001,3,1e-07,1000,50,0.5,1,0.914738646101,0.965923703386,0.910844406344,0.965931004928,0.921131590227,0.966359545747,0.00527393261014,0.000590660952868,0.00424052877918,0.000203758874076
